/*INSERIMENTO MACCHINE COMPLETE*/
INSERT INTO Articolo (Codice, Descrizione, Quantità, Prezzo, Altezza, Larghezza, Profondità, Peso)
VALUES ('09681212','MINI-DUMPER TC85d','0','13000','0.5','0.6','1','850');
INSERT INTO Articolo (Codice, Descrizione, Quantità, Prezzo, Altezza, Larghezza, Profondità, Peso)
VALUES ('09576488','MINI-DUMPER TC50-e','0','15000','0.5','0.6','1','500');
INSERT INTO Articolo (Codice, Descrizione, Quantità, Prezzo, Altezza, Larghezza, Profondità, Peso)
VALUES ('09680200','MINI-ESCAVATORE M38U','0','18000','1.3','1.3','0.8','3600');
INSERT INTO Articolo (Codice, Descrizione, Quantità, Prezzo, Altezza, Larghezza, Profondità, Peso)
VALUES ('09782020','MINI-ESCAVATORE M18DS','10','17000','1.3','1.3','0.8','1850');
INSERT INTO Articolo (Codice, Descrizione, Quantità, Prezzo, Altezza, Larghezza, Profondità, Peso)
VALUES ('09203999','CTL 45','10','28000','1','1.3','1','2700');
INSERT INTO Articolo (Codice, Descrizione, Quantità, Prezzo, Altezza, Larghezza, Profondità, Peso)
VALUES ('09508080','ROBOKLIN 25','10','25000','2.5','2','3','4200');

/*INSERIMENTO COMPONETI MACCHINA*/
INSERT INTO Articolo (Codice, Descrizione, Quantità, Prezzo, Altezza, Larghezza, Profondità, Peso)
VALUES ('55141618','TELAIO SOTTOCARRO ROBOKLIN','10',NULL,'3','1','6','120');
INSERT INTO Articolo (Codice, Descrizione, Quantità, Prezzo, Altezza, Larghezza, Profondità, Peso)
VALUES ('55030790','TELAIO POSTO GUIDA CTL45','15',NULL,'1.5','1.5','1','100');
INSERT INTO Articolo (Codice, Descrizione, Quantità, Prezzo, Altezza, Larghezza, Profondità, Peso)
VALUES ('55030450','TELAIO POSTO GUIDA M18DS','10',NULL,'3','1','6','120');
INSERT INTO Articolo (Codice, Descrizione, Quantità, Prezzo, Altezza, Larghezza, Profondità, Peso)
VALUES ('55030460','TELAIO POSTO GUIDA M38U','20',NULL,'3','1','6','120');
INSERT INTO Articolo (Codice, Descrizione, Quantità, Prezzo, Altezza, Larghezza, Profondità, Peso)
VALUES ('55181768','TELAIO SOTTOCARRO CTL45','10',NULL,'3','1','6','400');
INSERT INTO Articolo (Codice, Descrizione, Quantità, Prezzo, Altezza, Larghezza, Profondità, Peso)
VALUES ('45157808','BENNA CTL45','10',NULL,'3','1','6','400');
INSERT INTO Articolo (Codice, Descrizione, Quantità, Prezzo, Altezza, Larghezza, Profondità, Peso)
VALUES ('45150898','TELAIO SOLLEVAMENTO BRACCI PALA','10',NULL,'3','1','6','500');
INSERT INTO Articolo (Codice, Descrizione, Quantità, Prezzo, Altezza, Larghezza, Profondità, Peso)
VALUES ('30152800','CARTER PROTEZIONE PULEGGIE','2',NULL,'3','1','6','50');
INSERT INTO Articolo (Codice, Descrizione, Quantità, Prezzo, Altezza, Larghezza, Profondità, Peso)
VALUES ('30156001','CARTER PROTEZIONE MOTORE','10',NULL,'3','1','6','50');
INSERT INTO Articolo (Codice, Descrizione, Quantità, Prezzo, Altezza, Larghezza, Profondità, Peso)
VALUES ('55089090','TELAIO BRACCI','10',NULL,'3','1','6','400');
INSERT INTO Articolo (Codice, Descrizione, Quantità, Prezzo, Altezza, Larghezza, Profondità, Peso)
VALUES ('30405560','BASE MOTORE','10',NULL,'3','1','6','500');
INSERT INTO Articolo (Codice, Descrizione, Quantità, Prezzo, Altezza, Larghezza, Profondità, Peso)
VALUES ('55037000','TELAIO POSTO GUIDA TC50-e','10',NULL,'3','1','6','120');
INSERT INTO Articolo (Codice, Descrizione, Quantità, Prezzo, Altezza, Larghezza, Profondità, Peso)
VALUES ('04543000','RONDELLE','2200',NULL,'5','10','6','0.001');
INSERT INTO Articolo (Codice, Descrizione, Quantità, Prezzo, Altezza, Larghezza, Profondità, Peso)
VALUES ('04369000','VITE LUNGA','220',NULL,'10','10','8','0.05');
INSERT INTO Articolo (Codice, Descrizione, Quantità, Prezzo, Altezza, Larghezza, Profondità, Peso)
VALUES ('04126300','VITE CORTA','160',NULL,'5','8','5','0.03');
INSERT INTO Articolo (Codice, Descrizione, Quantità, Prezzo, Altezza, Larghezza, Profondità, Peso)
VALUES ('04427000','ASTA PIOMBO','8',NULL,'200','500','100','2');

/*INSERIMENTO MATERIE PRIME */
INSERT INTO Articolo (Codice, Descrizione, Quantità, Prezzo, Altezza, Larghezza, Profondità, Peso)
VALUES ('06990000','TUBO QUADRO','10',NULL,'50','1000','50','30');
INSERT INTO Articolo (Codice, Descrizione, Quantità, Prezzo, Altezza, Larghezza, Profondità, Peso)
VALUES ('06990002','TUBO QUADRO','10',NULL,'55','900','50','20');
INSERT INTO Articolo (Codice, Descrizione, Quantità, Prezzo, Altezza, Larghezza, Profondità, Peso)
VALUES ('06990003','TUBO QUADRO','10',NULL,'55','1050','55','40');
INSERT INTO Articolo (Codice, Descrizione, Quantità, Prezzo, Altezza, Larghezza, Profondità, Peso)
VALUES ('05990010','TONDO TRAFILATO','10',NULL,'10','10','10','10');
INSERT INTO Articolo (Codice, Descrizione, Quantità, Prezzo, Altezza, Larghezza, Profondità, Peso)
VALUES ('05990020','TONDO TRAFILATO','5',NULL,'13','13','14','10');
INSERT INTO Articolo (Codice, Descrizione, Quantità, Prezzo, Altezza, Larghezza, Profondità, Peso)
VALUES ('05990030','TONDO TRAFILATO','3',NULL,'15.5','15.5','10','16');
INSERT INTO Articolo (Codice, Descrizione, Quantità, Prezzo, Altezza, Larghezza, Profondità, Peso)
VALUES ('05990040','TONDO TRAFILATO','3',NULL,'20','40','40','20');


/*INSERIMENTO DISTINTE ARTICOLI*/

/*distinta materie prime*/
INSERT INTO Distinta(NumeroArticoli, ArticoloDiRiferimento)
VALUES ('0','06990000');
INSERT INTO Distinta(NumeroArticoli, ArticoloDiRiferimento)
VALUES ('0','06990002');
INSERT INTO Distinta(NumeroArticoli, ArticoloDiRiferimento)
VALUES ('0','06990003');
INSERT INTO Distinta(NumeroArticoli, ArticoloDiRiferimento)
VALUES ('0','05990010');
INSERT INTO Distinta(NumeroArticoli, ArticoloDiRiferimento)
VALUES ('0','05990020');
INSERT INTO Distinta(NumeroArticoli, ArticoloDiRiferimento)
VALUES ('0','05990030');
INSERT INTO Distinta(NumeroArticoli, ArticoloDiRiferimento)
VALUES ('0','05990040');

/*distinta roboklin 25*/
INSERT INTO Distinta(NumeroArticoli, ArticoloDiRiferimento)
VALUES ('2','09508080');
INSERT INTO DettaglioDistinta(Distinta, Quantità, Articolo)
VALUES ('09508080','2','55141618');
INSERT INTO DettaglioDistinta(Distinta, Quantità, Articolo)
VALUES ('09508080','4','06990000');
/*distinta CTL 45*/
INSERT INTO Distinta(NumeroArticoli, ArticoloDiRiferimento)
VALUES ('4','09203999');
INSERT INTO DettaglioDistinta(Distinta, Quantità, Articolo)
VALUES ('09203999','1','55030790');
INSERT INTO DettaglioDistinta(Distinta, Quantità, Articolo)
VALUES ('09203999','1','55181768');
INSERT INTO DettaglioDistinta(Distinta, Quantità, Articolo)
VALUES ('09203999','2','30152800');
INSERT INTO DettaglioDistinta(Distinta, Quantità, Articolo)
VALUES ('09203999','1','45157808');
/*distinta MINI-ESCAVATORE M18DS*/
INSERT INTO Distinta(NumeroArticoli, ArticoloDiRiferimento)
VALUES ('3','09782020');
INSERT INTO DettaglioDistinta(Distinta, Quantità, Articolo)
VALUES ('09782020','1','55030450');
INSERT INTO DettaglioDistinta(Distinta, Quantità, Articolo)
VALUES ('09782020','1','30156001');
INSERT INTO DettaglioDistinta(Distinta, Quantità, Articolo)
VALUES ('09782020','4','06990002');
/*distinta MINI-ESCAVATORE M38U*/
INSERT INTO Distinta(NumeroArticoli, ArticoloDiRiferimento)
VALUES ('4','09680200');
INSERT INTO DettaglioDistinta(Distinta, Quantità, Articolo)
VALUES ('09680200','1','55030460');
INSERT INTO DettaglioDistinta(Distinta, Quantità, Articolo)
VALUES ('09680200','2','55089090');
INSERT INTO DettaglioDistinta(Distinta, Quantità, Articolo)
VALUES ('09680200','4','06990003');
INSERT INTO DettaglioDistinta(Distinta, Quantità, Articolo)
VALUES ('09680200','4','05990010');
/*distinta MINI-DUMPER TC50-e*/
INSERT INTO Distinta(NumeroArticoli, ArticoloDiRiferimento)
VALUES ('3','09576488');
INSERT INTO DettaglioDistinta(Distinta, Quantità, Articolo)
VALUES ('09576488','1','55037000');
INSERT INTO DettaglioDistinta(Distinta, Quantità, Articolo)
VALUES ('09576488','1','30156001');
INSERT INTO DettaglioDistinta(Distinta, Quantità, Articolo)
VALUES ('09576488','4','05990030');
/*distinta TELAIO SOTTOCARRO CTL45*/
INSERT INTO Distinta(NumeroArticoli, ArticoloDiRiferimento)
VALUES ('3','55181768');
INSERT INTO DettaglioDistinta(Distinta, Quantità, Articolo)
VALUES ('55181768','4','05990020');
INSERT INTO DettaglioDistinta(Distinta, Quantità, Articolo)
VALUES ('55181768','4','05990030');
INSERT INTO DettaglioDistinta(Distinta, Quantità, Articolo)
VALUES ('55181768','4','05990040');
/*distinta BENNA CTL45*/
INSERT INTO Distinta(NumeroArticoli, ArticoloDiRiferimento)
VALUES ('3','45157808');
INSERT INTO DettaglioDistinta(Distinta, Quantità, Articolo)
VALUES ('45157808','4','05990020');
INSERT INTO DettaglioDistinta(Distinta, Quantità, Articolo)
VALUES ('45157808','4','05990030');
INSERT INTO DettaglioDistinta(Distinta, Quantità, Articolo)
VALUES ('45157808','4','05990040');



/*INSERIMENTO POSTI LOCAZIONE */
INSERT INTO Locazione(PesoOccupato, Sezione, Scaffalatura, RigaScaff, ColonnaScaff)
VALUES ('0000','C','0','0','0');
/*2*/
INSERT INTO Locazione(PesoOccupato, Sezione, Scaffalatura, RigaScaff, ColonnaScaff)
VALUES ('20','A','a','1','1');
/*3*/
INSERT INTO Locazione(PesoOccupato, Sezione, Scaffalatura, RigaScaff, ColonnaScaff)
VALUES ('1','A','a','1','2');
/*4*/
INSERT INTO Locazione(PesoOccupato, Sezione, Scaffalatura, RigaScaff, ColonnaScaff)
VALUES ('1','A','a','1','3');
/*5*/
INSERT INTO Locazione(PesoOccupato, Sezione, Scaffalatura, RigaScaff, ColonnaScaff)
VALUES ('5','A','a','1','4');
/*6*/
INSERT INTO Locazione(PesoOccupato, Sezione, Scaffalatura, RigaScaff, ColonnaScaff)
VALUES ('5','A','a','1','5');
/*7*/
INSERT INTO Locazione(PesoOccupato, Sezione, Scaffalatura, RigaScaff, ColonnaScaff)
VALUES ('0','A','a','2','1');
/*8*/
INSERT INTO Locazione( PesoOccupato, Sezione, Scaffalatura, RigaScaff, ColonnaScaff)
VALUES ('2.2','A','a','2','2');
/*9*/
INSERT INTO Locazione(PesoOccupato, Sezione, Scaffalatura, RigaScaff, ColonnaScaff)
VALUES ('1.5','A','a','2','3');
/*10*/
INSERT INTO Locazione(PesoOccupato, Sezione, Scaffalatura, RigaScaff, ColonnaScaff)
VALUES ('0.6','A','a','2','4');
/*11*/
INSERT INTO Locazione(PesoOccupato, Sezione, Scaffalatura, RigaScaff, ColonnaScaff)
VALUES ('100','A','a','2','5');
/*12*/
INSERT INTO Locazione(PesoOccupato, Sezione, Scaffalatura, RigaScaff, ColonnaScaff)
VALUES ('5.5','A','a','3','1');
/*13*/
INSERT INTO Locazione(PesoOccupato, Sezione, Scaffalatura, RigaScaff, ColonnaScaff)
VALUES ('2','A','a','3','2');
/*14*/
INSERT INTO Locazione(PesoOccupato, Sezione, Scaffalatura, RigaScaff, ColonnaScaff)
VALUES ('2','A','a','3','3');
/*15*/
INSERT INTO Locazione(PesoOccupato, Sezione, Scaffalatura, RigaScaff, ColonnaScaff)
VALUES ('2','A','a','3','4');
/*16*/
INSERT INTO Locazione(PesoOccupato, Sezione, Scaffalatura, RigaScaff, ColonnaScaff)
VALUES ('20','A','a','3','5');
/*17*/
INSERT INTO Locazione(PesoOccupato, Sezione, Scaffalatura, RigaScaff, ColonnaScaff)
VALUES ('30','A','a','4','1');
/*18*/
INSERT INTO Locazione(PesoOccupato, Sezione, Scaffalatura, RigaScaff, ColonnaScaff)
VALUES ('16','A','a','4','2');
/*19*/
INSERT INTO Locazione(PesoOccupato, Sezione, Scaffalatura, RigaScaff, ColonnaScaff)
VALUES ('32','A','a','4','3');
/*20*/
INSERT INTO Locazione(PesoOccupato, Sezione, Scaffalatura, RigaScaff, ColonnaScaff)
VALUES ('40','A','a','4','4');
/*21*/
INSERT INTO Locazione(PesoOccupato, Sezione, Scaffalatura, RigaScaff, ColonnaScaff)
VALUES ('20','A','a','4','5');


/* INSERIMENTO CLIENTI */
INSERT INTO cliente(RagioneSociale, PartitaIVA)
        VALUE ('Ivan S.P.A.','02011234321');
INSERT INTO cliente(RagioneSociale, PartitaIVA)
        VALUE ('BARTOLINI S.A.S','09812343212');
INSERT INTO cliente(RagioneSociale, PartitaIVA)
        VALUE ('PICCIA','03947264857');
INSERT INTO cliente(RagioneSociale, PartitaIVA)
        VALUE ('VINO BUONO','93847361530');
INSERT INTO cliente(RagioneSociale, PartitaIVA)
        VALUE ('MACCHINE INDUSTRIALI','04938572613');
INSERT INTO cliente(RagioneSociale, PartitaIVA)
        VALUE ('LUCA & STEFANO','12345678900');
INSERT INTO cliente(RagioneSociale, PartitaIVA)
        VALUE ('GIACOMINO','09876543215');
INSERT INTO cliente(RagioneSociale, PartitaIVA)
        VALUE ('CASA DELLE MACCHINE','56374819043');
INSERT INTO cliente(RagioneSociale, PartitaIVA)
        VALUE ('CASA DELLA RUSPA','37584930193');
INSERT INTO cliente(RagioneSociale, PartitaIVA)
        VALUE ('IL RUSPAIOLO','46372894817');

/* INSERIMENTO FORNITORI */
INSERT INTO fornitore(RagioneSociale, PartitaIVA)
        VALUE ('TUTTO VITI','75248262774');
INSERT INTO fornitore(RagioneSociale, PartitaIVA)
        VALUE ('TAGLIO LASER S.A.S','76923450854');
INSERT INTO fornitore(RagioneSociale, PartitaIVA)
        VALUE ('LAMIERE DOC','76888340320');
INSERT INTO fornitore(RagioneSociale, PartitaIVA)
        VALUE ('DI BRUNO E STEFANO','50496876298');
INSERT INTO fornitore(RagioneSociale, PartitaIVA)
        VALUE ('GIOCO E LUCE','12675565641');
INSERT INTO fornitore(RagioneSociale, PartitaIVA)
        VALUE ('LAMPADINI','42719228824');
INSERT INTO fornitore(RagioneSociale, PartitaIVA)
        VALUE ('GIANLUCHINI','72427555639');
INSERT INTO fornitore(RagioneSociale, PartitaIVA)
        VALUE ('OGNI TUBO','71480986277');
INSERT INTO fornitore(RagioneSociale, PartitaIVA)
        VALUE ('TUTTO TUBI','20452911970');
INSERT INTO fornitore(RagioneSociale, PartitaIVA)
        VALUE ('FILI.IT','86285140257');

/* INSERIMENTO MACCHINA IN LAVORAZIONE*/
INSERT INTO macchinainlavorazione(Codice) VALUES ('09681212');
INSERT INTO macchinainlavorazione(Codice) VALUES ('09576488');
INSERT INTO macchinainlavorazione(Codice) VALUES ('09680200');
/* INSERIMENTO 2 MACCHINE IDENTICHE */
INSERT INTO macchinainlavorazione(Codice) VALUES ('09508080');
INSERT INTO macchinainlavorazione(Codice) VALUES ('09508080');

INSERT INTO macchinainlavorazione(Codice) VALUES ('09681212');

/*INSERIMENTO ORDINE */
INSERT INTO ordine(DataOrdine, Importo, Codice, Quantità)
    VALUES ('2022-06-30',13000,'09681212',1);
INSERT INTO ordine(DataOrdine, Importo, Codice, Quantità)
    VALUES ('2022-08-22',15000,'09576488',1);
INSERT INTO ordine(DataOrdine, Importo, Codice, Quantità)
    VALUES ('2022-09-25',18000,'09680200',1);
INSERT INTO ordine(DataOrdine, Importo, Codice, Quantità)
    VALUES ('2022-10-18',50000,'09508080',2);
INSERT INTO Ordine(DataOrdine, Importo, Codice, Quantità)
    VALUES('2022-11-17', 13000, '09681212', 1);


/*INSERIMENTO UBICAZIONI*/

INSERT INTO Ubicazione( Locazione,Articolo, Quantita)
VALUES ('1','09508080','10');
INSERT INTO Ubicazione( Locazione,Articolo, Quantita)
VALUES ('1','09203999','10');
INSERT INTO Ubicazione( Locazione,Articolo, Quantita)
VALUES ('1','09782020','10');
INSERT INTO Ubicazione( Locazione,Articolo, Quantita)
VALUES ('2','04543000','2000');
INSERT INTO Ubicazione( Locazione,Articolo, Quantita)
VALUES ('3','04543000','100');
INSERT INTO Ubicazione( Locazione,Articolo, Quantita)
VALUES ('4','04543000','100');
INSERT INTO Ubicazione( Locazione,Articolo, Quantita)
VALUES ('5','04369000','100');
INSERT INTO Ubicazione( Locazione,Articolo, Quantita)
VALUES ('6','04369000','100');
INSERT INTO Ubicazione( Locazione,Articolo, Quantita)
VALUES ('8','04369000','20');
INSERT INTO Ubicazione( Locazione,Articolo, Quantita)
VALUES ('8','04126300','40');
INSERT INTO Ubicazione( Locazione,Articolo, Quantita)
VALUES ('9','04126300','50');
INSERT INTO Ubicazione( Locazione,Articolo, Quantita)
VALUES ('10','04126300','20');
INSERT INTO Ubicazione( Locazione,Articolo, Quantita)
VALUES ('11','30152800','2');
INSERT INTO Ubicazione( Locazione,Articolo, Quantita)
VALUES ('12','04126300','50');
INSERT INTO Ubicazione( Locazione,Articolo, Quantita)
VALUES ('12','04427000','2');
INSERT INTO Ubicazione( Locazione,Articolo, Quantita)
VALUES ('13','04427000','2');
INSERT INTO Ubicazione( Locazione,Articolo, Quantita)
VALUES ('14','04427000','2');
INSERT INTO Ubicazione( Locazione,Articolo, Quantita)
VALUES ('15','04427000','2');
INSERT INTO Ubicazione( Locazione,Articolo, Quantita)
VALUES ('16','05990020','2');
INSERT INTO Ubicazione( Locazione,Articolo, Quantita)
VALUES ('17','05990020','3');
INSERT INTO Ubicazione( Locazione,Articolo, Quantita)
VALUES ('18','05990030','1');
INSERT INTO Ubicazione( Locazione,Articolo, Quantita)
VALUES ('19','05990030','2');
INSERT INTO Ubicazione( Locazione,Articolo, Quantita)
VALUES ('20','05990040','2');
INSERT INTO Ubicazione( Locazione,Articolo, Quantita)
VALUES ('21','05990040','1');


/* DOCUMENTO*/
INSERT INTO documento(DatiPagamento, DataDocumento, Importo, TipoDocumento)
    VALUE('IT32X0300203280863596584462','2022-07-25',13000,'FATTURA');
INSERT INTO documento(DatiPagamento,DataDocumento,Importo, TipoDocumento)
    VALUE('0','2022-07-25',0,'DDT');

INSERT INTO documento(DatiPagamento,DataDocumento,Importo, TipoDocumento)
    VALUE('IT32X0300203280863596584462','2022-9-20',15000,'FATTURA');
INSERT INTO documento(DatiPagamento,DataDocumento,Importo, TipoDocumento)
    VALUE('0','2022-9-20',0,'DDT');

INSERT INTO documento(DatiPagamento,DataDocumento,Importo, TipoDocumento)
    VALUE('IT32X0300203280863596584462','2022-11-02',18000,'FATTURA');
INSERT INTO documento(DatiPagamento,DataDocumento,Importo, TipoDocumento)
    VALUE('0','2022-11-02',0,'DDT');

INSERT INTO documento(DatiPagamento,DataDocumento,Importo, TipoDocumento)
    VALUE('IT32X0300203280863596584462','2022-12-21',50000,'FATTURA');
INSERT INTO documento(DatiPagamento,DataDocumento,Importo, TipoDocumento)
    VALUE('0','2022-12-21',0,'DDT');

INSERT INTO Documento(DatiPagamento, DataDocumento, Importo, TipoDocumento)
    VALUES('IT32X0300203280863596584462', '2022-12-25', 13000, 'FATTURA');
INSERT INTO Documento(DatiPagamento, DataDocumento, Importo, TipoDocumento)
    VALUES('0','2022-12-25',0,'DDT');


/*INSERIMENTO COMMESSA */
INSERT INTO commessa( datainizio, datafine)
    VALUES ('2022-07-01','2022-07-20');

INSERT INTO commessa( datainizio, datafine)
    VALUES ('2022-08-29','2022-9-18');

INSERT INTO commessa( datainizio, datafine)
    VALUES ('2022-09-30','2022-10-01');

INSERT INTO commessa( datainizio, datafine)
    VALUES ('2022-10-22','2022-11-12');

INSERT INTO commessa( datainizio, datafine)
    VALUES ('2022-11-15','2022-11-30');

INSERT INTO Commessa(DataInizio, DataFine)
    VALUES ('2022-11-17','2022-12-23');

/*inserita stipulazione*/

INSERT INTO Stipulazione(Cliente, Documento)
VALUES (1,1);
INSERT INTO Stipulazione(Cliente, Documento)
VALUES (2,3);
INSERT INTO Stipulazione(Cliente, Documento)
VALUES (3,5);
INSERT INTO Stipulazione(Cliente, Documento)
VALUES (4,7);
INSERT INTO Stipulazione(Cliente, Documento)
VALUES (1,2);
INSERT INTO Stipulazione(Cliente, Documento)
VALUES (2,4);
INSERT INTO Stipulazione(Cliente, Documento)
VALUES (3,6);
INSERT INTO Stipulazione(Cliente, Documento)
VALUES (4,8);
INSERT INTO Stipulazione(Cliente, Documento)
    VALUES(1,9);
INSERT INTO Stipulazione(Cliente, Documento)
    VALUES(1,10);


/* INSERIMENTO CICLO */
INSERT INTO Ciclo(Tipologia)
    VALUES('Taglio laser');

INSERT INTO Ciclo(Tipologia)
    VALUES('Foratura');

INSERT INTO Ciclo(Tipologia)
    VALUES('Piegatura');

INSERT INTO Ciclo(Tipologia)
    VALUES('Saldatura');

INSERT INTO Ciclo(Tipologia)
    VALUES('Verniciatura');

INSERT INTO Ciclo(Tipologia)
    VALUES('Assemblaggio');


/* INSERIMENTO DETTAGLIO CICLI */
INSERT INTO DettaglioCicli(Distinta, Ciclo)
    VALUES('09203999', 'Taglio laser');

INSERT INTO DettaglioCicli(Distinta, Ciclo)
    VALUES('09203999', 'Saldatura');

INSERT INTO DettaglioCicli(Distinta, Ciclo)
    VALUES('09508080', 'Foratura');

INSERT INTO DettaglioCicli(Distinta, Ciclo)
    VALUES('09508080', 'Assemblaggio');

INSERT INTO DettaglioCicli(Distinta, Ciclo)
    VALUES('09508080', 'Verniciatura');

INSERT INTO DettaglioCicli(Distinta, Ciclo)
    VALUES('09576488', 'Piegatura');

INSERT INTO DettaglioCicli(Distinta, Ciclo)
    VALUES('09680200', 'Taglio laser');

INSERT INTO DettaglioCicli(Distinta, Ciclo)
    VALUES('09680200', 'Foratura');

INSERT INTO DettaglioCicli(Distinta, Ciclo)
    VALUES('09782020', 'Piegatura');

INSERT INTO DettaglioCicli(Distinta, Ciclo)
    VALUES('09782020', 'Assemblaggio');


/* INSERIMENTO COMPOSIZIONE */
INSERT INTO Composizione(MacchinaInLavorazione, Articolo, Quantità)
    VALUES(1, '05990010', 3);

INSERT INTO Composizione(MacchinaInLavorazione, Articolo, Quantità)
    VALUES(1, '30156001', 1);

INSERT INTO Composizione(MacchinaInLavorazione, Articolo, Quantità)
    VALUES(2, '45150898', 1);

INSERT INTO Composizione(MacchinaInLavorazione, Articolo, Quantità)
    VALUES(2, '45157808', 2);

INSERT INTO Composizione(MacchinaInLavorazione, Articolo, Quantità)
    VALUES(2, '55030450', 1);

INSERT INTO Composizione(MacchinaInLavorazione, Articolo, Quantità)
    VALUES(3, '55141618', 2);

INSERT INTO Composizione(MacchinaInLavorazione, Articolo, Quantità)
    VALUES(3, '06990002', 5);

INSERT INTO Composizione(MacchinaInLavorazione, Articolo, Quantità)
    VALUES(3, '05990020', 7);

INSERT INTO Composizione(MacchinaInLavorazione, Articolo, Quantità)
    VALUES(4, '30156001', 2);

INSERT INTO Composizione(MacchinaInLavorazione, Articolo, Quantità)
    VALUES(4, '30405560', 1);

INSERT INTO Composizione(MacchinaInLavorazione, Articolo, Quantità)
    VALUES(5, '05990020', 4);

INSERT INTO Composizione(MacchinaInLavorazione, Articolo, Quantità)
    VALUES(5, '55030790', 2);

INSERT INTO Composizione(MacchinaInLavorazione, Articolo, Quantità)
    VALUES(5, '30405560', 1);

INSERT INTO Composizione(MacchinaInLavorazione, Articolo, Quantità)
    VALUES(6, '05990010', 3);

INSERT INTO Composizione(MacchinaInLavorazione, Articolo, Quantità)
    VALUES(6, '30156001', 1);

/* INSERIMENTO FABBRICAZIONE */
INSERT INTO Fabbricazione(MacchinaInLavorazione, Commessa)
    VALUES(1, 1);

INSERT INTO Fabbricazione(MacchinaInLavorazione, Commessa)
    VALUES(2, 2);

INSERT INTO Fabbricazione(MacchinaInLavorazione, Commessa)
    VALUES(3, 3);

INSERT INTO Fabbricazione(MacchinaInLavorazione, Commessa)
    VALUES(4, 4);

INSERT INTO Fabbricazione(MacchinaInLavorazione, Commessa)
    VALUES(5, 4);

INSERT INTO Fabbricazione(MacchinaInLavorazione, Commessa)
    VALUES(6, 5);

/* INSERIMENTO FORNITORE INTERNO MESSERSI */
INSERT INTO Fornitore(RagioneSociale, PartitaIVA)
    VALUES('MESSERSÌ', '00000000000');

/* INSERIMENTO REGISTRAZIONE */
INSERT INTO Registrazione(Articolo, Fornitore, Documento, Quantità)
    VALUES('05990010', 11, 1, 5);

INSERT INTO Registrazione(Articolo, Fornitore, Documento, Quantità)
    VALUES('06990003', 9, 1, 15);

INSERT INTO Registrazione(Articolo, Fornitore, Documento, Quantità)
    VALUES('05990010', 11, 2, 5);

INSERT INTO Registrazione(Articolo, Fornitore, Documento, Quantità)
    VALUES('06990003', 9, 2, 15);

INSERT INTO Registrazione(Articolo, Fornitore, Documento, Quantità)
    VALUES('30405560', 11, 3, 1);

INSERT INTO Registrazione(Articolo, Fornitore, Documento, Quantità)
    VALUES('55089090', 11, 3, 1);

INSERT INTO Registrazione(Articolo, Fornitore, Documento, Quantità)
    VALUES('05990030', 5, 3, 14);

INSERT INTO Registrazione(Articolo, Fornitore, Documento, Quantità)
    VALUES('45157808', 4, 3, 2);

INSERT INTO Registrazione(Articolo, Fornitore, Documento, Quantità)
    VALUES('30405560', 11, 4, 1);

INSERT INTO Registrazione(Articolo, Fornitore, Documento, Quantità)
    VALUES('55089090', 11, 4, 1);

INSERT INTO Registrazione(Articolo, Fornitore, Documento, Quantità)
    VALUES('05990030', 5, 4, 14);

INSERT INTO Registrazione(Articolo, Fornitore, Documento, Quantità)
    VALUES('45157808', 4, 4, 2);

INSERT INTO Registrazione(Articolo, Fornitore, Documento, Quantità)
    VALUES('55141618', 11, 5, 2);

INSERT INTO Registrazione(Articolo, Fornitore, Documento, Quantità)
    VALUES('55141618', 11, 6, 2);

INSERT INTO Registrazione(Articolo, Fornitore, Documento, Quantità)
    VALUES('30405560', 7, 7, 2);

INSERT INTO Registrazione(Articolo, Fornitore, Documento, Quantità)
    VALUES('05990020', 8, 7, 3);

INSERT INTO Registrazione(Articolo, Fornitore, Documento, Quantità)
    VALUES('06990003', 9, 7, 3);

INSERT INTO Registrazione(Articolo, Fornitore, Documento, Quantità)
    VALUES('30405560', 7, 8, 2);

INSERT INTO Registrazione(Articolo, Fornitore, Documento, Quantità)
    VALUES('05990020', 8, 8, 3);

INSERT INTO Registrazione(Articolo, Fornitore, Documento, Quantità)
    VALUES('06990003', 9, 8, 3);

INSERT INTO Registrazione(Articolo, Fornitore, Documento, Quantità)
    VALUES('05990010', 11, 9, 5);

INSERT INTO Registrazione(Articolo, Fornitore, Documento, Quantità)
    VALUES('06990003', 9, 9, 15);

INSERT INTO Registrazione(Articolo, Fornitore, Documento, Quantità)
    VALUES('05990010', 11, 10, 5);

INSERT INTO Registrazione(Articolo, Fornitore, Documento, Quantità)
    VALUES('06990003', 9, 10, 15);

/* POPOLAMENTO RICHIESTA */
INSERT INTO richiesta(Cliente, Ordine)
VALUE (1,1);

INSERT INTO richiesta(Cliente, Ordine)
VALUE (2,2);

INSERT INTO richiesta(Cliente, Ordine)
VALUE (3,3);

INSERT INTO richiesta(Cliente, Ordine)
VALUE (4,4);

INSERT INTO Richiesta(Cliente, Ordine)
VALUE (1,5);

/*  INSERIMENTO SEDI CLIENTI */
INSERT INTO sediclienti(Cliente, Strada, Civico, Comune)
    VALUE (1,'via ascoli piceno',1,'Ancona');

INSERT INTO sediclienti(Cliente, Strada, Civico, Comune)
    VALUE (2,'via ruspe grosse',5,'Padova');

INSERT INTO sediclienti(Cliente, Strada, Civico, Comune)
    VALUE (3,'via dante alighieri',18,'Firenze');

INSERT INTO sediclienti(Cliente, Strada, Civico, Comune)
    VALUE (4,'via del vino',3,'OSTRA');

INSERT INTO sediclienti(Cliente, Strada, Civico, Comune)
    VALUE (5,'via Liguria',7,'Civitanova Marche');

INSERT INTO sediclienti(Cliente, Strada, Civico, Comune)
    VALUE (6,'via del giogo',1,'Ravenna');

INSERT INTO sediclienti(Cliente, Strada, Civico, Comune)
    VALUE (7,'via dei cagnoli',10,'Ancona');

INSERT INTO sediclienti(Cliente, Strada, Civico, Comune)
    VALUE (8,'via della storta',1,'Roma');

INSERT INTO sediclienti(Cliente, Strada, Civico, Comune)
    VALUE (9,'via marzocca',34,'Senigallia');

INSERT INTO sediclienti(Cliente, Strada, Civico, Comune)
    VALUE (10,'via milano ',19,'Milano');

/* SEDI FORNITORI */

INSERT INTO sedifornitori(fornitore, strada, civico, comune)
    VALUE(1,'via del sole',10,'Mondolfo') ;

INSERT INTO sedifornitori(fornitore, strada, civico, comune)
    VALUE(2,'via della luna',15,'Falconara') ;

INSERT INTO sedifornitori(fornitore, strada, civico, comune)
    VALUE(3,'via delle stelle ',20,' Aosta') ;

INSERT INTO sedifornitori(fornitore, strada, civico, comune)
    VALUE(4,'via emilia',1,'Rimini') ;

INSERT INTO sedifornitori(fornitore, strada, civico, comune)
    VALUE(5,'Via senza indugi',10,'Ancona') ;

INSERT INTO sedifornitori(fornitore, strada, civico, comune)
    VALUE(6,'via mare grosso',17,'Macerata') ;

INSERT INTO sedifornitori(fornitore, strada, civico, comune)
    VALUE(7,'via toledo',107,'Napoli') ;

INSERT INTO sedifornitori(fornitore, strada, civico, comune)
    VALUE(8,'via Marco enorme',56,'Ascoli') ;

INSERT INTO sedifornitori(fornitore, strada, civico, comune)
    VALUE(9,'via senza fretta',98,'Bari') ;

INSERT INTO sedifornitori(fornitore, strada, civico, comune)
    VALUE(10,'via del sole',100,'Catania') ;

INSERT INTO sedifornitori(fornitore, strada, civico, comune)
    VALUE(11,'via Arceviese',56,'Marotta') ;

/* INSERIMENTO RUBRICA FORNITORI */
INSERT INTO RubricaF(Fornitore, Contatto)
    VALUES(1, '0713431404');

INSERT INTO RubricaF(Fornitore, Contatto)
    VALUES(2, '0715498215');

INSERT INTO RubricaF(Fornitore, Contatto)
    VALUES(2, 'taglio@laser.it');

INSERT INTO RubricaF(Fornitore, Contatto)
    VALUES(3, 'lamiere.poderose@gmail.com');

INSERT INTO RubricaF(Fornitore, Contatto)
    VALUES(4, 'stefano@dbes.it');

INSERT INTO RubricaF(Fornitore, Contatto)
    VALUES(4, 'bruno@dbes.it');

INSERT INTO RubricaF(Fornitore, Contatto)
    VALUES(5, '0711557722');

INSERT INTO RubricaF(Fornitore, Contatto)
    VALUES(6, '0717835503');

INSERT INTO RubricaF(Fornitore, Contatto)
    VALUES(6, 'lampa@light.com');

INSERT INTO RubricaF(Fornitore, Contatto)
    VALUES(6, 'dini@light.com');

INSERT INTO RubricaF(Fornitore, Contatto)
    VALUES(7, 'gianluchino.ino.ino@gmail.com');

INSERT INTO RubricaF(Fornitore, Contatto)
    VALUES(8, '0733518399');

INSERT INTO RubricaF(Fornitore, Contatto)
    VALUES(8, 'tubi@gmx.com');

INSERT INTO RubricaF(Fornitore, Contatto)
    VALUES(9, '0715820573');

INSERT INTO RubricaF(Fornitore, Contatto)
    VALUES(9, 'domenico@tuttotubi.it');

INSERT INTO RubricaF(Fornitore, Contatto)
    VALUES(10, '0714531424');

INSERT INTO RubricaF(Fornitore, Contatto)
    VALUES(10, 'gianfranco.boss@fili.it');

INSERT INTO RubricaF(Fornitore, Contatto)
    VALUES(11, 'messersi@messersi.it');


/* INSERIMENTO RUBRICA CLIENTI */
INSERT INTO RubricaC(Cliente, Contatto)
    VALUES(1, '0714841364');

INSERT INTO RubricaC(Cliente, Contatto)
    VALUES(2, '0735701304');

INSERT INTO RubricaC(Cliente, Contatto)
    VALUES(3, '0715338469');

INSERT INTO RubricaC(Cliente, Contatto)
    VALUES(4, '0719483028');

INSERT INTO RubricaC(Cliente, Contatto)
    VALUES(4, 'giovanni@vinobuono.it');

INSERT INTO RubricaC(Cliente, Contatto)
    VALUES(4, 'andrea.ilgrande@vinobuono.it');

INSERT INTO RubricaC(Cliente, Contatto)
    VALUES(5, 'macchine.potentissime@strongmachines.com');

INSERT INTO RubricaC(Cliente, Contatto)
    VALUES(6, 'luca@stefano.it');

INSERT INTO RubricaC(Cliente, Contatto)
    VALUES(7, '0715329856');

INSERT INTO RubricaC(Cliente, Contatto)
    VALUES(7, 'giacomino.strong@gmail.com');

INSERT INTO RubricaC(Cliente, Contatto)
    VALUES(8, '0711443873');

INSERT INTO RubricaC(Cliente, Contatto)
    VALUES(9, 'matteo@bulldozer.it');

INSERT INTO RubricaC(Cliente, Contatto)
    VALUES(9, 'ildistruttore@bulldozer.it');

INSERT INTO RubricaC(Cliente, Contatto)
    VALUES(9, '0763749104');

INSERT INTO RubricaC(Cliente, Contatto)
    VALUES(10, 'therock@ruspe.it');

INSERT INTO RubricaC(Cliente, Contatto)
    VALUES(10, '0718492053');